{"cameraMode":{"drawMode":0,"name":"Shaded","section":"Shading Mode"},"sceneLighting":true,"audioPlay":false,"sceneViewState":{"showFog":true,"showMaterialUpdate":false,"showSkybox":true,"showFlares":true,"showImageEffects":true,"showParticleSystems":true,"showVisualEffectGraphs":true,"m_FxEnabled":true},"in2DMode":false,"pivot":{"x":44.399147033691409,"y":12.013169288635254,"z":-0.8380885124206543},"rotation":{"x":0.04167897254228592,"y":-0.4649910032749176,"z":0.021922463551163675,"w":0.8840671181678772},"size":4.984742164611816,"orthographic":false}